{
  "discord_bot_token": "MTQ1MjM2MzEwNDk5NzQ3NDM1NA.GKXEbF.GoYRR_zekwnEqoi0vZpt8kao7vVlQ2Suv6sO2s",
  "owner_ids": [
    1239807062481965137
  ],
  "status_channel_id": "1455179767878783187",
  "node_id": "master",
  "urls": [
    "https://www.zoomeye.ai/searchResult?q=Ik1lZ2FSQUMiICYmIHBvcnQ9IjQ0MyI%3D",
    "https://en.fofa.info/result?qbase64=Im1lZ2FyYWMi",
    "https://www.zoomeye.org/searchResult?q=iPMI",
    "https://en.fofa.info/result?qbase64=aXBtaQ%3D%3D",
    "https://search.onyphe.io/search?q=ipmi",
    "https://www.zoomeye.ai/searchResult?q=ImlkcmFjIiAmJiBwb3J0PSI0NDMi&page=1",
    "https://en.fofa.info/result?qbase64=ImlkcmFjIiAmJiBwb3J0PSI0NDMi",
    "https://search.onyphe.io/search?q=idrac",
    "https://www.shodan.io/search?query=idrac",
    "https://hunter.how/list?searchValue=product.name%3D%22Dell%20iDRAC%22%20&timestamp=1761537900870",
    "https://www.criminalip.io/asset/search?query=idrac"

  ],
  "ips_per_page": 15
}




